id;cfg_section;cfg_environmnent;cfg_item;cfg_value
1;Associate;feed National;Representative Central radical;Legacy Regional index
2;front-end;Dominican Peso Leone;Outdoors;out-of-the-box solution
3;Berkshire;Faroe Islands;compress Home Loan Account Pound Sterling;eyeballs Costa Rican Colon Secured
4;ivory;pixel Electronics;Agent enable intuitive;incentivize e-services Planner
5;Steel empower empower;Cotton Licensed Money Market Account;Down-sized;Plastic card
6;Unbranded Fresh Gloves Bedfordshire;database Vermont Home;Usability optical;Ball Universal Intelligent Plastic Chair
7;Response best-of-breed;pixel Berkshire Berkshire;policy;policy program
8;Bedfordshire Alaska intermediate;Auto Loan Account Ergonomic Granite Gloves;Facilitator Garden azure;architectures cross-platform
9;Investor Decentralized El Salvador;Gloves;Plastic monitoring programming;Credit Card Account
10;Investment Account North Carolina Trace;architectures Delaware Customer;Bhutan;Branding
