id;ent_name;ent_address;ent_system_date;ent_created_by;ent_identifier;ent_type;ent_country;ent_identifier_type;ent_tin;ent_dob
1;Refined;Credit Card Account Fort Square;2021-03-04T12:17:17;Applications Producer;Orchestrator;invoice collaborative homogeneous;Moroccan Dirham Security Research;human-resource;THX;New Leu
2;Awesome Cotton Keyboard Books;Fantastic;2021-03-05T09:46:46;Incredible payment;Auto Loan Account radical Cambridgeshire;Gorgeous Fresh Cheese;array;back up;payment;yellow PCI
3;Paradigm;SMS Dynamic;2021-03-04T14:43:54;relationships;relationships fuchsia;Table Plastic niches;Health withdrawal Operations;connect TCP Home Loan Account;Sausages TCP Handmade;pixel Intuitive
4;engineer;Handmade Savings Account index;2021-03-05T03:50:28;override Plastic Vatu;fuchsia Handmade Concrete Soap;Incredible Rubber Hat dot-com Generic Soft Salad;navigate;programming SDD;mobile internet solution Credit Card Account;port Industrial
5;Shoes Refined Granite Ball Cambridgeshire;Bedfordshire Research Avon;2021-03-04T17:44:31;Fish Cambridgeshire mobile;China;compressing;Alabama Team-oriented;Specialist Shirt;Hat Applications;Florida online
6;Berkshire Czech Koruna scalable;incentivize;2021-03-04T21:03:03;Soap Generic Concrete Shoes;Incredible Industrial Quetzal;auxiliary;Avon;back up Hawaii;utilize backing up;multi-tasking XSS
7;Bosnia and Herzegovina;Moldova Managed responsive;2021-03-04T22:55:12;Rustic Granite Hat Texas sensor;optimize;open-source Refined;Gorgeous transmitting;Garden Direct;orchid withdrawal;haptic hack Generic
8;deposit;Wooden firmware;2021-03-04T19:42:41;Lead;application facilitate;Assistant;New Jersey RAM Bedfordshire;Security;Massachusetts;Research CFA Franc BEAC XSS
9;invoice website;Response neural;2021-03-05T07:27:52;Generic PNG Fantastic Wooden Ball;deliverables XML rich;envisioneer;Director Swiss Franc;Money Market Account;Bike yellow;Inlet Industrial
10;Small Metal Mouse eyeballs;Iowa;2021-03-05T01:19:37;Future groupware Soft;Singapore Dollar monitor Summit;Personal Loan Account;cyan plum Sri Lanka;invoice mobile;payment service-desk Key;Business-focused Grocery THX
